name,description
Terraforming Mars,"Nos anos 2400, a humanidade começa a terraformar o planeta Marte. Grandes corporações, patrocinadas pelo Governo Mundial na Terra, iniciam grandes projetos para aumentar a temperatura, o nível de oxigênio e a cobertura oceânica até que o ambiente seja habitável. Em Terraforming Mars, você joga com uma dessas corporações e trabalha em conjunto no processo de terraformação, mas compete para obter pontos de vitória que são concedidos não apenas por sua contribuição para a terraformação, mas também pelo avanço da infraestrutura humana em todo o sistema solar e fazendo outras coisas louváveis; Os jogadores adquirem cartas de projeto únicas (de mais de duzentas diferentes) comprando-as para a mão. Os projetos (cartas) podem representar qualquer coisa, desde introduzir vida vegetal ou animais, lançar asteróides na superfície, construir cidades, minerar as luas de Júpiter e estabelecer indústrias de gases de efeito estufa para aquecer a atmosfera. As cartas podem lhe dar bônus imediatos, além de aumentar sua produção de diferentes recursos. Muitas cartas também têm requisitos e se tornam jogáveis ​​quando a temperatura, o oxigênio ou a cobertura do oceano aumentam o suficiente. Comprar cartões é caro, então há um equilíbrio entre comprar cartões (3 megacréditos por cartão) e realmente jogá-los (o que pode custar entre 0 e 41 megacréditos, dependendo do projeto). Projetos padrão estão sempre disponíveis para complementar seus cartões. Sua renda básica, assim como sua pontuação básica, é baseada na sua Classificação do Terraform (começando em 20), que aumenta cada vez que você aumenta um dos três parâmetros globais. No entanto, sua renda é complementada com sua produção e você também obtém VPs de muitas outras fontes. Cada jogador mantém o controle de sua produção e recursos em seus tabuleiros de jogador, e o jogo usa seis tipos de recursos: MegaCredits, Steel, Titanium, Plants, Energy e Heat. No tabuleiro do jogo, você compete pelos melhores lugares para suas peças de cidade, peças de oceano e peças de vegetação. Você também compete por diferentes marcos e prêmios que valem muitos VPs. Cada rodada é chamada de geração (adivinhe por quê) e consiste nas seguintes fases: A ordem dos jogadores muda no sentido horário. revezem-se fazendo 1-2 ações a partir destas opções: jogar uma carta, reivindicar um marco, financiar um prêmio, usar um projeto padrão, converter plantas em telhas de vegetação (e aumentar o oxigênio), converter calor em aumento de temperatura e usar a ação de uma carta em jogo. O turno continua ao redor da mesa (às vezes várias voltas) até que todos os jogadores tenham passado. 4) Fase de produção: Os jogadores obtêm recursos de acordo com sua classificação de terraform e parâmetros de produção. Quando os três parâmetros globais (temperatura, oxigênio, oceano) atingirem seu objetivo, a terraformação estará completa e o jogo terminará após essa geração. Conte sua Classificação Terraform e outros VPs para determinar a corporação vencedora!"
Agricola,"Descrição de BoardgameNews Em Agricola, você é um fazendeiro em uma cabana de madeira com sua esposa e pouco mais. Em um turno, você pode realizar apenas duas ações, uma para você e outra para o cônjuge, de todas as possibilidades que você encontrará em uma fazenda: coletar argila, madeira ou pedra; construção de cercas; e assim por diante. Você pode pensar em ter filhos para conseguir mais trabalho, mas primeiro você precisa expandir sua casa. E o que você vai alimentar todos os pequenos rugrats? O jogo suporta vários níveis de complexidade, principalmente através do uso (ou não uso) de dois de seus principais tipos de cartas, Melhorias Menores e Ocupações. Na versão para iniciantes (chamada Family Variant na versão americana), esses cartões não são usados. Para jogos avançados, o lançamento nos EUA inclui três níveis de ambos os tipos de cartas; Básico (E-deck), Interativo (I-deck) e Complexo (K-deck), e o livro de regras incentiva os jogadores a experimentar os vários decks e suas misturas. Também existem decks de pós-venda, como o Z-Deck e o L-Deck. Agricola é um jogo baseado em turnos.  Há 14 rodadas de jogo ocorrendo em 6 etapas, com uma colheita no final de cada etapa (após as rodadas 4, 7, 9, 11, 13 e 14). Cada jogador começa com duas fichas de jogo (agricultor e cônjuge) e, portanto, pode levar dois turnos, ou ações, por rodada. Existem várias opções e, à medida que o jogo avança, você terá mais e mais: a primeira coisa em uma rodada, uma nova carta de ação é virada. Problema: cada ação pode ser realizada por apenas um jogador a cada rodada , então é importante fazer algumas coisas com alta preferência. Cada jogador também começa com uma mão de 7 cartas de Ocupação (de mais de 160 no total) e 7 cartas de Melhoria Menor (de mais de 140 no total) que ele/ela pode usar durante o jogo se eles se encaixam em sua estratégia. Falando nisso, existem inúmeras estratégias, algumas dependendo da sua mão de cartas. Às vezes é uma boa escolha manter o rumo, e às vezes é melhor reagir às ações de seus oponentes.
"
Scythe,"É um momento de agitação na Europa dos anos 1920. As cinzas da primeira grande guerra ainda escurecem a neve. A cidade-estado capitalista conhecida simplesmente como  A Fábrica&rdquo;, que alimentou a guerra com mechs fortemente blindados, fechou suas portas, chamando a atenção de vários países próximos. Scythe é um jogo de construção de motores ambientado em um período de história alternativa da década de 1920. É uma época de agricultura e guerra, corações partidos e engrenagens enferrujadas, inovação e valor. Em Scythe, cada jogador representa um personagem de uma das cinco facções da Europa Oriental que estão tentando ganhar sua fortuna e reivindicar a participação de sua facção nas terras ao redor da misteriosa Fábrica. Os jogadores conquistam território, recrutam novos recrutas, colhem recursos, ganham aldeões, constroem estruturas e ativam mechs monstruosos. Cada jogador começa o jogo com recursos diferentes (poder, moedas, perspicácia de combate e popularidade), um local de partida diferente e um objetivo oculto. As posições iniciais são especialmente calibradas para contribuir com a singularidade de cada facção e a natureza assimétrica do jogo (cada facção sempre começa no mesmo lugar). Scythe dá aos jogadores controle quase completo sobre seu destino. Além da carta de objetivo oculto individual de cada jogador, os únicos elementos de sorte ou variabilidade são o  encontro de cartas que os jogadores irão comprar à medida que interagem com os cidadãos de terras recém-exploradas. Cada carta de encontro oferece ao jogador várias opções, permitindo-lhe mitigar a sorte do sorteio através de sua seleção. O combate também é impulsionado por escolhas, não por sorte ou aleatoriedade. O Scythe usa um mecanismo de seleção de ação simplificado (sem rodadas ou fases) para manter a jogabilidade em ritmo acelerado e reduzir o tempo de inatividade entre os turnos. Embora haja muitos conflitos diretos para os jogadores que o procuram, não há eliminação de jogadores. Cada parte da Scythe tem um aspecto de construção de motores. Os jogadores podem atualizar as ações para se tornarem mais eficientes, construir estruturas que melhoram sua posição no mapa, recrutar novos recrutas para aprimorar as habilidades dos personagens, ativar mechs para impedir que os oponentes invadam e expandir suas fronteiras para colher maiores tipos e quantidades de recursos. Esses aspectos de construção do motor criam uma sensação de impulso e progresso ao longo do jogo. A ordem em que os jogadores melhoram seu mecanismo aumenta a sensação única de cada jogo, mesmo ao jogar uma facção várias vezes.
"
Wingspan,"Wingspan é um jogo de tabuleiro competitivo, de peso médio, baseado em cartas e de construção de motor da Stonemaier Games. Ele foi projetado por Elizabeth Hargrave e apresenta mais de 170 pássaros ilustrados por Beth Sobel, Natalia Rojas e Ana Maria Martinez. Vocês são entusiastas de pássaros pesquisadores, observadores de pássaros, ornitólogos e colecionadores que buscam descobrir e atrair os melhores pássaros para sua rede de reservas de vida selvagem. Cada pássaro estende uma cadeia de combinações poderosas em um de seus habitats (ações). Esses habitats se concentram em vários aspectos-chave do crescimento:   Ganhe fichas de comida por meio de dados personalizados em uma torre de dados de alimentador de pássaros  Coloque ovos usando miniaturas de ovos em uma variedade de cores  Retire centenas de cartas de pássaros únicas e jogue-as  O vencedor é o jogador com mais pontos após 4 rodadas. Se você gosta de Terraforming Mars e Gizmos, achamos que este jogo vai decolar na sua mesa.  descrição da editora A partir da 7ª impressão, a caixa básica do jogo inclui Wingspan: Swift-Start Promo Pack."
Gloomhaven,"Gloomhaven é um jogo de combate tático inspirado na Europa em um mundo persistente de motivos inconstantes. Os jogadores assumirão o papel de um aventureiro errante com seu próprio conjunto especial de habilidades e suas próprias razões para viajar para este canto escuro do mundo. Os jogadores devem trabalhar juntos por necessidade para limpar masmorras ameaçadoras e ruínas esquecidas. No processo, eles aprimorarão suas habilidades com experiência e saque, descobrirão novos locais para explorar e saquear e expandirão uma história cada vez mais ramificada alimentada pelas decisões que tomam. Este é um jogo com um mundo persistente e em mudança que é idealmente jogado ao longo de muitas sessões de jogo. Após um cenário, os jogadores tomarão decisões sobre o que fazer, o que determinará como a história continuará, como uma espécie de  Escolha sua própria aventura livro. Jogar em um cenário é um caso cooperativo onde os jogadores lutarão contra monstros automatizados usando um sistema de cartas inovador para determinar a ordem do jogo e o que um jogador faz em seu turno. A cada turno, um jogador escolhe duas cartas para jogar de sua mão. O número na carta do topo determina sua iniciativa para a rodada. Cada carta também tem um poder superior e inferior, e quando é a vez de um jogador na ordem de iniciativa, ele determina se deve usar o poder superior de uma carta e o poder inferior da outra, ou vice-versa. Os jogadores devem ter cuidado, porém, porque com o tempo eles perderão permanentemente as cartas de suas mãos. Se eles demorarem muito para limpar uma masmorra, eles podem acabar exaustos e serem forçados a recuar."
Robinson Crusoe: Adventures on the Cursed Island,"Robinson Crusoe: Adventures on the Cursed Island é um jogo criado por Ignacy Trzewiczek, o autor de Stronghold. Desta vez, Trzewiczek leva os jogadores a uma ilha deserta, onde farão o papel de sobreviventes de um naufrágio confrontados por uma aventura extraordinária. Eles enfrentarão os desafios de construir um abrigo, encontrar comida, lutar contra animais selvagens e se proteger das mudanças climáticas. Construir muros ao redor de suas casas, domesticar animais, construir armas e ferramentas com o que encontram e muito mais os aguardam na ilha. Os jogadores decidem em que direção o jogo se desenrolará e após várias semanas de trabalho duro no jogo   como será seu assentamento. Eles conseguirão descobrir o segredo da ilha nesse meio tempo? Eles encontrarão um tesouro pirata ou uma vila abandonada? Eles descobrirão uma cidade subterrânea ou um templo amaldiçoado no fundo de um vulcão? As respostas para essas perguntas estão em centenas de cartas de eventos e centenas de cartas de objetos e estruturas que podem ser usadas durante o jogo... Robinson Crusoe: Adventures on the Cursed Island é um jogo épico de Portal. Você vai construir um abrigo, paliçada, armas, você vai criar ferramentas como machados, facas, sacos, você vai fazer tudo que puder para  para sobreviver. Você terá que encontrar comida, lutar contra animais selvagens, proteger-se das mudanças climáticas  Assuma o papel de um dos quatro personagens da tripulação do navio (cozinheiro, carpinteiro, explorador ou soldado) e enfrente a aventura. Use suas habilidades de determinação para ajudar seus colegas de equipe, discutir com eles seu plano e colocá-lo em prática. Debata, discuta e trabalhe no melhor plano que todos podem fazer. Procure tesouros. Descubra mistérios. Siga as metas de seis cenários diferentes e envolventes. Comece construindo uma grande pilha de madeira e incendiando-a para pedir ajuda e, em seguida, comece novas aventuras. Torne-se um exorcista na ilha amaldiçoada. Torne-se um caçador de tesouros na Ilha do Vulcão. Torne-se uma equipe de resgate para uma jovem que está presa na ilha do rock  Deixe a aventura viver!"
Viticulture Essential Edition,"Na Viticultura, os jogadores se encontram no papel de pessoas na Toscana rústica e pré-moderna que herdaram parcos vinhedos. Eles têm alguns lotes de terra, um velho canteiro de obras, uma pequena adega e três trabalhadores. Cada um deles tem o sonho de ser o primeiro a chamar sua vinícola de um verdadeiro sucesso. Os jogadores estão na posição de determinar como querem alocar seus trabalhadores ao longo do ano. Cada estação é diferente em um vinhedo, então os trabalhadores têm tarefas diferentes das quais podem cuidar no verão e no inverno. Há competição nessas tarefas e, muitas vezes, o primeiro trabalhador a chegar ao trabalho tem uma vantagem sobre os trabalhadores subsequentes. Felizmente para os proprietários de vinhedos, as pessoas adoram visitar vinícolas, e acontece que muitos desses visitantes estão dispostos a ajudar em torno do vinhedo quando visitam, desde que você designe um trabalhador para cuidar deles. Suas visitas (na forma de cartões) são breves, mas podem ser muito úteis. Usando esses trabalhadores e visitantes, os proprietários de vinhedos podem expandir seus vinhedos construindo estruturas, plantando videiras e atendendo pedidos de vinho, trabalhando com o objetivo de administrar a vinícola mais bem-sucedida da Toscana. Viticulture Essential Edition inclui o jogo base de Viticulture e alguns dos módulos mais populares da expansão original da Tuscany, incluindo Mamas   Papas, Campos (anteriormente conhecidos como Propriedades), Visitantes expandidos e revisados ​​e cartas de Automa para uma variante solo, juntamente com algumas pequenas mudanças nas regras."
Arkham Horror: The Card Game,"Algo maligno se agita em Arkham, e só você pode detê-lo. Desfocando as linhas tradicionais entre role-playing e experiências de jogo de cartas, Arkham Horror: The Card Game é um jogo de cartas vivo de mistério, monstros e loucura de Lovecraft! No jogo, você e seu amigo (ou até três amigos com dois conjuntos básicos) se tornam personagens na pacata cidade de Arkham, na Nova Inglaterra. Você tem seus talentos, claro, mas também tem suas falhas. Talvez você tenha se envolvido demais com os escritos do Necronomicon, e suas palavras continuam a persegui-lo. Talvez você se sinta compelido a encobrir quaisquer sinais de males sobrenaturais, dificultando suas próprias investigações para proteger a confiança silenciosa da população maior. Talvez você fique marcado por seus encontros com um culto macabro. Não importa o que o compele, não importa o que o assombre, você encontrará seus pontos fortes e fracos refletidos em seu baralho de cartas personalizado, e esses cartões serão seus recursos enquanto você trabalha com seus amigos para desvendar os mistérios mais aterrorizantes do mundo. Cada uma de suas aventuras em Arkham Horror LCG leva você a um mistério mais profundo. Você encontrará cultistas e rituais sujos. Você encontrará casas assombradas e criaturas estranhas. E você pode encontrar sinais dos Antigos lutando contra as barreiras do nosso mundo... O modo básico de jogo em Arkham LCG não é a aventura, mas a campanha. Você pode ficar marcado por suas aventuras, sua sanidade pode estar tensa e você pode alterar a paisagem de Arkham, queimando prédios no chão. Todas as suas escolhas e ações têm consequências que vão muito além da resolução imediata do cenário em questão  e suas ações podem lhe render uma experiência valiosa com a qual você pode se preparar melhor para as aventuras que ainda estão à sua frente."
Spirit Island,"Nos confins mais distantes do mundo, a magia ainda existe, encarnada pelos espíritos da terra, do céu e de todas as coisas naturais. À medida que as grandes potências da Europa estendem cada vez mais seus impérios coloniais, elas inevitavelmente reivindicarão um lugar onde os espíritos ainda detêm o poder - e quando o fizerem, a própria terra lutará ao lado dos ilhéus que vivem lá. Spirit Island é um jogo cooperativo complexo e temático sobre defender sua ilha natal dos invasores colonizadores. Os jogadores são diferentes espíritos da terra, cada um com seus próprios poderes elementais únicos. A cada turno, os jogadores escolhem simultaneamente qual de suas cartas de poder jogar, pagando energia para fazê-lo. Usar combinações de cartas de poder que correspondam às afinidades elementares de um espírito pode conceder efeitos de bônus grátis. Poderes mais rápidos entram em vigor imediatamente, antes que os Invasores se espalhem e destruam, mas outras magias são mais lentas, exigindo premeditação e planejamento para serem usadas com eficácia. Na fase do Espírito, os espíritos ganham energia e escolhem como / se querem crescer: recuperar cartas de poder usadas, buscar novos poderes ou espalhar presença em novas áreas da ilha. Os Invasores se expandem pelo mapa da ilha de maneira semiprevisível. A cada turno eles exploram algumas terras (porções da ilha); no turno seguinte, eles constroem naquelas terras, formando assentamentos e cidades. Na virada depois disso, eles devastam lá, trazendo pragas para a terra e atacando qualquer ilhéu nativo presente. Os ilhéus lutam contra os Invasores quando atacados, e dão aos espíritos alguma outra ajuda, mas nem sempre o fazem exatamente como você esperava. Alguns Poderes trabalham através dos ilhéus, ajudando-os (por exemplo) a expulsar os Invasores ou limpar a terra da praga. O jogo aumenta à medida que avança: os espíritos espalham sua presença para novas partes da ilha e buscam poderes novos e mais potentes, enquanto os invasores intensificam seus esforços de colonização. Cada turno representa 1-3 anos de história alternativa. No início do jogo, a vitória requer a destruição de todos os últimos assentamentos e cidades no tabuleiro - mas à medida que você assusta cada vez mais os Invasores, a vitória se torna mais fácil: eles fugirão mesmo que restem alguns assentamentos ou cidades. A derrota vem se algum espírito for destruído, se a ilha for invadida pela praga, ou se o deck do Invasor estiver esgotado antes de alcançar a vitória. O jogo inclui diferentes adversários para lutar (por exemplo: uma colônia de mineração sueca ou uma colônia britânica remota). Cada uma muda o jogo de maneiras diferentes e oferece um caminho diferente de aumentos de dificuldade para manter o jogo desafiador à medida que você ganha habilidade.
"
Sagrada,"Jogue dados e use as ferramentas do comércio em Sagrada para construir cuidadosamente sua obra-prima de vitral. Em mais detalhes, cada jogador constrói um vitral construindo uma grade de dados em seu tabuleiro de jogador. Cada tabuleiro tem algumas restrições sobre qual cor ou tonalidade (valor) do dado pode ser colocado lá. Dados do mesmo tom ou cor nunca podem ser colocados um ao lado do outro. Os dados são sorteados na ordem dos jogadores, com o jogador inicial girando a cada rodada, serpenteando de volta depois que o último jogador sorteia dois dados. A pontuação é variável por jogo com base na obtenção de vários padrões e variedades de posicionamento... bem como pontos de bônus para tons escuros de uma determinada cor de objetivo oculto. Ferramentas especiais podem ser usadas para ajudá-lo a quebrar as regras gastando fichas de habilidade; uma vez que uma ferramenta é usada, ela requer mais fichas de habilidade para os outros jogadores usá-las. O artesão de janela com maior pontuação vence!"
Caverna: The Cave Farmers,"Seguindo as mesmas linhas de seu antecessor (Agricola), Caverna: The Cave Farmers é um jogo de colocação de trabalhadores no coração, com foco na agricultura. No jogo, você é o líder barbudo de uma pequena família de anões que vive em uma pequena caverna nas montanhas. Você começa o jogo com um fazendeiro e sua esposa, e cada membro da família de fazendeiros representa uma ação que o jogador pode realizar a cada turno. Juntos, vocês cultivam a floresta em frente à sua caverna e cavam mais fundo na montanha. Você fornece as cavernas como moradias para seus filhos, bem como espaços de trabalho para pequenas empresas. Cabe a você quanto minério você quer minerar. Você precisará dele para forjar armas que permitem que você participe de expedições para ganhar itens e ações de bônus. Ao cavar pela montanha, você pode encontrar fontes de água e encontrar minas de minério e rubi que o ajudam a aumentar sua riqueza. Bem na frente de sua caverna, você pode aumentar ainda mais sua riqueza com a agricultura: você pode derrubar a floresta para semear campos e cercar pastagens para manter seus animais. Você também pode expandir sua família enquanto administra sua fazenda em constante crescimento. No final, o jogador com o tabuleiro doméstico mais eficientemente desenvolvido vence. Você também pode jogar a variante solo deste jogo para se familiarizar com as 48 peças de mobiliário diferentes para sua caverna. Caverna: The Cave Farmers, que tem um tempo de jogo de aproximadamente 30 minutos por jogador, é uma reformulação completa do Agricola que substitui os baralhos de cartas do jogo anterior por um conjunto de edifícios, adicionando a capacidade de comprar armas e enviar seus agricultores missões para obter mais recursos. O designer Uwe Rosenberg diz que o jogo inclui partes de Agricola, mas também tem novas ideias, especialmente a parte da caverna do seu tabuleiro de jogo, onde você pode construir minas e procurar rubis. O jogo também inclui dois novos animais: cães e burros."
Mage Knight Board Game,"O jogo de tabuleiro Mage Knight coloca você no controle de um dos quatro poderosos Mage Knights enquanto você explora (e conquista) um canto do universo Mage Knight sob o controle do Império Atlante. Construa seu exército, encha seu baralho com feitiços e ações poderosos, explore cavernas e masmorras e, eventualmente, conquiste cidades poderosas controladas por essa grande facção! Em cenários competitivos, jogadores adversários podem ser aliados poderosos, mas apenas um poderá reivindicar a terra como sua. Em cenários cooperativos, os jogadores ganham ou perdem como um grupo. Regras individuais também estão incluídas. Combinando elementos de RPGs, construção de baralhos e jogos de tabuleiro tradicionais, o jogo de tabuleiro Mage Knight captura a rica história do universo Mage Knight em uma experiência de jogo independente."
Everdell,"Dentro do encantador vale de Everdell, sob os galhos de árvores altas, entre riachos sinuosos e vales cobertos de musgo, uma civilização de criaturas da floresta está prosperando e se expandindo. De Everfrost a Bellsong, muitos anos se passaram, mas chegou a hora de novos territórios serem estabelecidos e novas cidades estabelecidas. Você será o líder de um grupo de criaturas com a intenção de realizar essa tarefa. Há prédios para construir, personagens animados para conhecer, eventos para sediar você tem um ano agitado pela frente. O sol brilhará mais forte em sua cidade antes da lua de inverno nascer? Everdell é um jogo de construção dinâmica de quadros e colocação de trabalhadores. Por sua vez, um jogador pode realizar uma das três ações: a) Colocar um Trabalhador: Cada jogador tem uma coleção de peças de Trabalhador. Eles são colocados nos locais do tabuleiro, eventos e nas cartas de Destino. Os trabalhadores realizam várias ações para promover o desenvolvimento do quadro de um jogador: reunir recursos, comprar cartas e realizar outras ações especiais. b) Jogue uma Carta: Cada jogador está construindo e povoando uma cidade; um tableau de até 15 cartas de Construção e Bicho. Existem cinco tipos de cartões: Viajantes, Produção, Destino, Governança e Prosperidade. As cartas geram recursos (galhos, resina, seixos e bagas), concedem habilidades e, por fim, marcam pontos. As interações das cartas revelam inúmeras estratégias e uma variedade quase infinita de cidades em funcionamento. c) Prepare-se para a próxima temporada: Os trabalhadores são devolvidos ao estoque de jogadores e novos trabalhadores são adicionados. O jogo é jogado do inverno até o início do inverno seguinte, quando o jogador com a cidade com mais pontos vence."
Mansions of Madness: Second Edition,"Mansions of Madness: Second Edition é um jogo de tabuleiro de terror e mistério totalmente cooperativo e dirigido por aplicativos para um a cinco jogadores que ocorre no mesmo universo de Eldritch Horror e Elder Sign. Deixe o aplicativo imersivo guiá-lo pelas ruas veladas de Innsmouth e pelos corredores assombrados das mansões amaldiçoadas de Arkham enquanto você procura respostas e descanso. Oito investigadores corajosos estão prontos para enfrentar quatro cenários de medo e mistério, coletando armas, ferramentas e informações, resolvendo quebra-cabeças complexos e lutando contra monstros, insanidade e morte. Abra a porta e entre nestas Mansions of Madness: Second Edition de arrepiar os cabelos. Será preciso mais do que apenas sobrevivência para conquistar os males que aterrorizam esta cidade."
Le Havre,"Em Le Havre, o turno de um jogador consiste em duas partes: primeiro, distribuir os bens recém-fornecidos nos espaços de oferta; então tome uma atitude. Como uma ação, os jogadores podem escolher pegar todos os bens de um tipo de um espaço de oferta ou usar um dos edifícios disponíveis. As ações de construção permitem que os jogadores atualizem mercadorias, vendam-nas ou usem-nas para construir suas próprias construções e navios. Os edifícios são uma oportunidade de investimento e um fluxo de receita, pois os jogadores devem pagar uma taxa de entrada para usar os edifícios que não possuem. Os navios, por outro lado, são usados ​​principalmente para fornecer os alimentos necessários para alimentar os trabalhadores. A cada sete turnos, a rodada termina: o gado e os grãos dos jogadores podem se multiplicar por meio de uma Colheita, e os jogadores devem alimentar seus trabalhadores. Após um número fixo de rodadas, cada jogador pode realizar uma ação final e, em seguida, o jogo termina. Os jogadores adicionam o valor de seus edifícios e navios às suas reservas de dinheiro. O jogador que acumulou a maior fortuna é o vencedor."
A Feast for Odin,"A Feast for Odin é uma saga em forma de jogo de tabuleiro. Você está revivendo as conquistas culturais, expedições mercantis e pilhagens daquelas tribos que hoje conhecemos como vikings   um termo que foi usado de forma bastante diferente no final do primeiro milênio. Quando os nortistas saíam para um ataque, eles costumavam dizer que estavam indo para um viking. Seus ancestrais escandinavos, no entanto, eram muito mais do que apenas piratas. Eles foram exploradores e fundadores de estados. Diz-se que Leif Eriksson foi o primeiro europeu na América, muito antes de Colombo. No que hoje é conhecido como Normandia, os intrusos não eram chamados de vikings, mas normandos. Um deles é o famoso Guilherme, o Conquistador, que invadiu a Inglaterra em 1066. Ele conseguiu fazer o que o rei da Noruega não conseguiu fazer apenas alguns anos antes: conquistar o trono da Inglaterra. A razão pela qual as pessoas desses tempos se tornaram marinheiros tão fortes é devido à sua infeliz situação agrícola. A falta de colheitas causou grande angústia. Neste jogo, você irá invadir e explorar novos territórios. Você também experimentará suas atividades do dia-a-dia: coleta de mercadorias para alcançar uma posição financeiramente segura na sociedade. No final, o jogador cujas posses tiverem o maior valor será declarado vencedor. -- descrição da jogabilidade da análise do @StoryBoardGamer:  A Feast for Odin é um jogo baseado em pontos, com uma infinidade de caminhos para a vitória, com uma gama de risco equilibrado contra recompensa. Uma parte significativa disso é o seu salão central, que tem impressionantes -86 pontos de quadrados e uma grande parte do seu jogo está tentando encobri-los com várias peças. Da mesma forma, salões longos e colônias de ilhas também podem oferecer grandes recompensas, mas terão penalidades próprias. Cada ano segue um padrão familiar de preparação, colocação de trabalhadores e, em seguida, atender aos requisitos de sua festa. A fase principal de cada ano é um caso de colocação de trabalhadores. Você começa com uma seleção de Vikings e um grande tabuleiro de ação com 61 opções diferentes para escolher. Cada um deles será organizado da esquerda para a direita em uma das quatro colunas. Cada coluna requer um Viking adicional para ser ativado, mas eles são proporcionalmente mais poderosos. No final de cada rodada, você precisará encher uma mesa de banquete com comida, alternando entre plantas e vegetais. Você também terá a chance de colocar os valiosos azulejos verdes e azuis em seu salão principal. A configuração desses blocos deve seguir certos requisitos, mas seu objetivo principal é encobrir uma linha de ícones de moedas para aumentar sua renda, enquanto circunda certos ícones impressos para gerá-los. Você construirá seu motor ao longo do tempo, seguindo um padrão alternado de expansão externa e caçando contra o desenvolvimento e o cultivo. Tudo se resume a quanto você está disposto a assumir a qualquer momento e a quais riscos você está disposto a se colocar em troca de suas recompensas.
"
Ghost Stories,"Ghost Stories é um jogo cooperativo no qual os jogadores protegem a vila das encarnações do senhor do inferno   Wu-Feng   e suas legiões de fantasmas antes de assombrar uma cidade e recuperar as cinzas que lhe permitirão voltar à vida. Cada jogador representa um monge taoísta trabalhando em conjunto com os outros para combater ondas de fantasmas. Os jogadores, usando o trabalho em equipe, terão que exorcizar os fantasmas que aparecem no decorrer do jogo. No início de seu turno, um jogador coloca um fantasma em jogo e o coloca em um local livre, e mais de um pode entrar ao mesmo tempo. Todos os fantasmas têm habilidades próprias   alguns afetando os taoístas e seus poderes, alguns fazendo com que o jogador ativo jogue o dado de maldição por um efeito aleatório, e outros assombrando as peças do aldeão e bloqueando a ação especial daquela peça. Por sua vez, um taoísta pode se mover em uma peça para exorcizar fantasmas adjacentes ou se beneficiar do aldeão que mora na peça, desde que não seja assombrado. Cada peça da aldeia permite que os jogadores se beneficiem de um bônus diferente. Com o cemitério, por exemplo, os taoístas podem trazer um taoísta morto de volta à vida, enquanto o herborista permite recuperar fichas de Tao gastas, etc. Para exorcizar um fantasma, o taoísta lança três dados Tao com cores diferentes: vermelho, azul, verde, amarelo, preto e branco. Se o resultado do teste corresponder à(s) cor(es) do fantasma ou encarnação de Wu-Feng, o exorcismo é bem-sucedido. O resultado branco é uma cor selvagem que pode ser usada como qualquer cor. Por exemplo, para exorcizar um fantasma verde com resistência 3, você precisa rolar três verdes, três brancos ou uma combinação de ambos. Se suas jogadas de dados falharem, você também pode usar fichas de Tao que correspondam à cor além da sua jogada. Você pode optar por usá-los após sua rolagem. Os taoístas ganham essas fichas usando certas peças de aldeia ou exorcizando certos fantasmas. Um dos taoístas tem um poder que lhe permite receber tal ficha uma vez por turno. Para vencer, os jogadores devem derrotar a encarnação de Wu-Feng, um chefe que chega ao final do jogo. Existem também níveis de dificuldade mais difíceis que adicionam mais encarnações de Wu-Feng, nos quais, para vencer, você deve derrotar todos eles. Há muitas outras maneiras de perder, no entanto. Os jogadores perdem se três das peças da aldeia estiverem assombradas, se a pilha de compras for esvaziada enquanto a encarnação de Wu-Feng ainda estiver em jogo, ou se todos os sacerdotes estiverem mortos."
Gaia Project,"Gaia Project é um novo jogo na linha de Terra Mystica. Como no Terra Mystica original, catorze facções diferentes vivem em sete tipos diferentes de planetas, e cada facção está ligada a seus próprios planetas de origem, então para desenvolver e crescer, eles devem terraformar planetas vizinhos em seus ambientes de origem em competição com os outros grupos. . Além disso, os planetas Gaia podem ser usados ​​por todas as facções para colonização, e os planetas transdimensionais podem ser transformados em planetas Gaia. Todas as facções podem melhorar suas habilidades em seis áreas diferentes de desenvolvimento   Terraforming, Navegação, Inteligência Artificial, Gaiaforming, Economia, Pesquisa   levando a tecnologia avançada e bônus especiais. Para fazer tudo isso, cada grupo tem habilidades e habilidades especiais. A área de jogo é composta por dez setores, permitindo uma configuração variável e, portanto, um valor de replay ainda maior do que seu antecessor Terra Mystica. Um jogo para dois jogadores é hospedado em sete setores.  descrição do editor"
The 7th Continent,"É o início do século 20. Você decidiu navegar de volta ao sétimo continente recém-descoberto para tentar acabar com a terrível maldição que o atingiu desde seu retorno da expedição anterior. No 7º Continente, uma aventura solo ou cooperativa  escolha sua própria aventura  jogo de tabuleiro de exploração, você escolhe um personagem e começa sua aventura sozinho ou com uma equipe de outros exploradores. Inspirado na série de livros Fighting Fantasy, você descobrirá a extensão desta nova terra selvagem através de uma variedade de terrenos e cartas de eventos. Em uma terra repleta de perigos e maravilhas, você tem que usar cada grama de inteligência e astúcia para sobreviver, criando ferramentas, armas e abrigo para garantir sua sobrevivência. Ao contrário da maioria dos jogos de tabuleiro, você levará muitas, MUITAS horas explorando e pesquisando o sétimo continente até descobrir como remover a(s) maldição(ões)... ou morrer tentando. O 7º Continente possui um sistema de economia fácil para que você possa parar de jogar a qualquer momento e retomar sua aventura mais tarde, como em um videogame!"
Nemesis,"Jogar Nemesis levará você ao coração do terror de sobrevivência de ficção científica em todo o seu terror. Um soldado dispara cegamente por um corredor, tentando impedir o avanço alienígena. Um cientista corre para encontrar uma solução em seu laboratório improvisado. Um traidor rouba a última cápsula de fuga no último momento. Os intrusos que você encontra no navio não estão apenas reagindo ao barulho que você faz, mas também evoluem com o passar do tempo. Quanto mais tempo o jogo leva, mais fortes eles se tornam. Durante o jogo, você controla um dos membros da tripulação com um conjunto único de habilidades, baralho de cartas pessoal e equipamento inicial individual. Esses heróis cobrem todas as suas necessidades básicas de terror SF. Por exemplo, o cientista é ótimo com computadores e pesquisa, mas terá dificuldade em combate. O soldado, por outro lado... Nemesis é um jogo semi-cooperativo no qual você e seus tripulantes devem sobreviver em um navio infestado de organismos hostis. Para ganhar o jogo, você deve completar um dos dois objetivos que lhe foram atribuídos no início do jogo e voltar à Terra inteiro. Você encontrará muitos obstáculos em seu caminho: enxames de intrusos (o nome dado aos organismos alienígenas pela IA da nave), as más condições físicas da nave, as agendas de seus colegas jogadores e, às vezes, apenas um destino cruel. A jogabilidade de Nemesis foi projetada para ser cheia de momentos climáticos que, esperançosamente, você achará recompensador mesmo quando seus melhores planos forem arruinados e seu personagem encontrar um destino terrível."
Lost Ruins of Arnak,"Em uma ilha desabitada em mares desconhecidos, os exploradores encontraram vestígios de uma grande civilização. Agora você liderará uma expedição para explorar a ilha, encontrar artefatos perdidos e enfrentar guardiões temíveis, tudo em uma missão para aprender os segredos da ilha. Lost Ruins of Arnak combina construção de baralho e colocação de trabalhadores em um jogo de exploração, gerenciamento de recursos e descoberta. Além dos efeitos tradicionais de construção de baralho, as cartas também podem ser usadas para colocar trabalhadores, e novas ações de trabalhadores ficam disponíveis à medida que os jogadores exploram a ilha. Algumas dessas ações exigem recursos em vez de trabalhadores, portanto, a construção de uma base sólida de recursos será essencial. Você está limitado a apenas uma ação por turno, então faça sua escolha com cuidado... qual ação irá beneficiá-lo mais agora? E o que você pode se dar ao luxo de fazer mais tarde... supondo que outra pessoa não tome a ação primeiro!? Os baralhos são pequenos e a aleatoriedade no jogo é fortemente mitigada pela riqueza de decisões táticas oferecidas no tabuleiro do jogo. Com uma variedade de ações de trabalhadores, artefatos e cartas de equipamentos, a configuração de cada jogo será única, incentivando os jogadores a explorar novas estratégias para enfrentar o desafio. Descubra as Ruínas Perdidas de Arnak!  descrição do editor"
Gloomhaven: Jaws of the Lion,"Gloomhaven: Jaws of the Lion é um jogo autônomo que ocorre antes dos eventos de Gloomhaven. O jogo inclui quatro novos personagens   Valrath Red Guard (tanque, controle de multidões), Inox Hatchet (dano à distância), Human Voidwarden (suporte, controle da mente) e Quatryl Demolitionist (dano corpo a corpo, manipulação de obstáculos)   que também pode ser usado no jogo original Gloomhaven. O jogo também inclui 16 tipos de monstros (incluindo sete novos monstros padrão e três novos chefes) e uma nova campanha com 25 cenários que convida os heróis a investigar um caso de desaparecimentos misteriosos dentro da cidade. É o trabalho de Vermlings, ou algo muito mais sinistro está acontecendo? Gloomhaven: Jaws of the Lion é destinado a um público mais casual para levar as pessoas ao jogo mais rapidamente. Todos os mapas de papelão difíceis de organizar foram removidos e, em vez disso, os jogadores jogarão no próprio livro de cenários, que apresenta uma nova arte exclusiva para cada cenário. A última barreira à entrada   ou seja, aprendendo o jogo   também foi reduzido por meio de um conjunto de regras simplificado e um tutorial de cinco cenários que facilitará a experiência de novos jogadores."
Teotihuacan: City of Gods,"Viaje no tempo para a maior cidade da Mesoamérica. Testemunhe a glória e o crepúsculo da poderosa civilização pré-colombiana. Crie estratégias, acumule riqueza, ganhe o favor dos deuses e torne-se o construtor da magnífica Pirâmide do Sol. Em Teotihuacan: City of Gods, cada jogador comanda uma força de dados de trabalhadores, que crescem em força a cada movimento. No seu turno, você move um trabalhador em torno de um tabuleiro modular, sempre escolhendo uma das duas áreas da ficha de local em que você pousa: uma oferecendo uma ação (e um aprimoramento de trabalhador), a outra fornecendo um bônus poderoso (mas sem um upgrade). Enquanto gerenciam sua força de trabalho e recursos, os jogadores desenvolvem novas tecnologias, sobem os degraus dos três grandes templos, constroem casas para os habitantes da cidade e erguem a lendária e de tirar o fôlego Pirâmide do Sol no centro da cidade. Cada jogo é jogado em três eras. À medida que o alvorecer dos astecas se aproxima, os esforços dos jogadores (e sua capacidade de alimentar sua força de trabalho) são avaliados três vezes no total. O jogador com mais fama é o vencedor."
Dune: Imperium,"Alguns links importantes: O FAQ Oficial, o FAQ não oficial e um Automa (solo e 2p) Visão geral Dune: Imperium é um jogo que encontra inspiração em elementos e personagens do legado Dune, tanto o novo filme da Legendary Pictures quanto o literário seminal série de Frank Herbert, Brian Herbert e Kevin J. Anderson. Como líder de uma das Grandes Casas do Landsraad, levante sua bandeira e organize suas forças e espiões. A guerra está chegando e no centro do conflito está Arrakis   Duna, o planeta deserto. Dune: Imperium usa a construção de decks para adicionar um ângulo de informações ocultas ao posicionamento tradicional dos trabalhadores. Você começa com uma carta de líder única, além de um baralho idêntico ao de seus oponentes. À medida que você adquire cartas e constrói seu baralho, suas escolhas definirão seus pontos fortes e fracos. As cartas permitem que você envie seus Agentes para determinados espaços no tabuleiro, então a evolução do seu baralho afeta sua estratégia. Você pode se tornar mais poderoso militarmente, capaz de mobilizar mais tropas do que seus oponentes. Ou você pode adquirir cartas que lhe dão uma vantagem com as quatro facções políticas representadas no jogo: o Imperador, a Guilda Espacial, a Bene Gesserit e os Fremen. Ao contrário de muitos jogos de construção de baralho, você não joga sua mão inteira em um turno. Em vez disso, você compra uma mão de cartas no início de cada rodada e alterna com outros jogadores, realizando um turno de Agente por vez (jogando uma carta para enviar um de seus Agentes ao tabuleiro de jogo). Quando for sua vez e você não tiver mais agentes para colocar, você fará um turno de Revelação, revelando o restante de suas cartas, que fornecerão Persuasão e Espadas. A persuasão é usada para adquirir mais cartas, e as Espadas ajudam suas tropas a lutar pelas recompensas da rodada atual, conforme mostrado na carta de Conflito revelada. Derrote seus rivais em combate, navegue astutamente pelas facções políticas e adquira cartas preciosas. O tempero deve fluir para levar sua casa à vitória!"
Tapestry,"Tapestry é um jogo de duas horas para 1-5 jogadores desenhado por Jamey Stegmaier. Crie a civilização com a história mais célebre, começando no início da humanidade e chegando ao futuro. Os caminhos que você escolher variam muito de eventos ou pessoas do mundo real   sua civilização é única! Em Tapestry, você começa do nada e avança em qualquer uma das quatro faixas de avanço (ciência, tecnologia, exploração e militar) para obter benefícios progressivamente melhores. Você pode se concentrar em uma faixa específica ou adotar uma abordagem mais equilibrada. Você também melhorará sua renda, construirá sua capital, alavancará suas habilidades assimétricas, ganhará pontos de vitória e ganhará cartas de tapeçaria que contarão a história de sua civilização.  descrição do editor"
Marvel Champions: The Card Game," Com grandes poderes, também devem vir grandes responsabilidades    Stan Lee, Amazing Fantasy #15 Iron Man e Black Panther se unem para impedir Rhino de atacar as ruas de Nova York. O Capitão Marvel e o Homem-Aranha lutam contra Ultron enquanto ele ameaça a aniquilação global. Você tem o que é preciso para se juntar às fileiras desses heróis lendários e se tornar um campeão? Entre no Universo Marvel com Marvel Champions: The Card Game, um jogo cooperativo de cartas vivas para um a quatro jogadores! Marvel Champions: The Card Game convida os jogadores a encarnar heróis icônicos do Universo Marvel enquanto lutam para impedir que vilões infames executem seus esquemas desonestos. Como um jogo de cartas vivo, Marvel Champions é suportado com lançamentos regulares de novos produtos, incluindo novos heróis e cenários.  descrição do editor"
Neuroshima Hex! 3.0,"Neuroshima Hex! é um jogo de estratégia ambientado no mundo pós-apocalíptico de Neuroshima, um RPG polonês. Cada jogador lidera um dos quatro exércitos: Borgo, Hegemonia (Hegemony), Moloch e Posterunek (Outpost). Cada baralho de exército consiste em 34 peças: soldados, peças de apoio e ações especiais. Você vence quando todos os quartéis-generais inimigos são destruídos ou quando seu quartel-general é o menos danificado no final do jogo. A segunda edição de Neuroshima Hex!, lançada na Spiel 2007, tinha gráficos atualizados e um quadro novo e maior; um pacote de expansão especial vendido ao mesmo tempo incluiu o Neuroshima Hex! Doomsday Machine 1.0, um quinto exército que poderia ser usado contra qualquer um dos outros. A primeira edição francesa de Neuroshima Hex!, lançada em 2008, incluiu mais quatro peças Mercenary. A primeira edição em inglês da Z-Man Games nesse mesmo ano inclui as peças Mercenary e a peça Mad Bomber. Neuroshima Hex! 3.0, lançado em 2013 pela Z-Man Games, inclui correções de regras, o exército Doomsday Machine (para cinco exércitos no jogo base NH), uma variante solo com 55 cartas de quebra-cabeça que apresentam situações desafiadoras e novas variantes para três jogadores : Mata-mata; Mata-mata com pontuação; um jogador contra uma equipe; e uma partida de equipe (com um jogador jogando dois exércitos). O jogo também é expandido pelo Unofficial Neuroshima Hex! expansões, disponíveis aqui no BGG. Nota: Todos os exércitos em todas as versões ao longo dos anos são funcionalmente compatíveis! As únicas diferenças entre exércitos de, por exemplo, 3.0 e 2.5 (ou qualquer outro) são arte   design gráfico. Nota: Não há bot/AI/sistema de paciência para competir. As únicas opções para  solo  jogar estão sozinhos em várias facções ou resolvendo quebra-cabeças (como problemas de xeque-mate de xadrez) disponíveis em algumas edições e expansões."
Underwater Cities,"Em Underwater Cities, que leva cerca de 30-45 minutos por jogador, os jogadores representam os cérebros mais poderosos do mundo, cérebros nomeados devido à superpopulação da Terra para estabelecer as melhores e mais habitáveis ​​áreas subaquáticas possíveis. O princípio principal do jogo é o posicionamento das cartas. Três cartões coloridos são colocados ao longo da borda da placa principal em slots 3 x 5, que também são coloridos. Idealmente, os jogadores podem colocar cartões em slots da mesma cor. Então eles podem realizar ações e vantagens: a ação descrita no slot na placa principal e também a vantagem do cartão. Ações e vantagens podem permitir aos jogadores a ingestão de matérias-primas; construir e atualizar cúpulas urbanas, túneis e edifícios de produção, como fazendas, dispositivos de dessalinização e laboratórios em sua área subaquática pessoal; mover seu marcador na trilha de iniciativa (o que é importante para a ordem do jogador no próximo turno); para ativar as ""cartas A"" do jogador; e colecionar cartas, tanto especiais quanto básicas, que permitem melhores possibilidades de decisão durante o jogo. Todos os quase 220 cartões   seja especial ou básico   são divididos em cinco tipos de acordo com a forma e o tempo de uso. As áreas subaquáticas são planejadas para serem duplas, dando aos jogadores muitas oportunidades de alcançar VPs e finalmente vencer."
Maracaibo,"Maracaibo, o novo jogo de estratégia para 1-4 jogadores de Alexander Pfister, se passa no Caribe durante o século XVII. Os jogadores tentam aumentar sua influência em três nações em quatro rodadas com um tempo de jogo de 40 minutos por jogador. Os jogadores navegam em um percurso redondo pelo Caribe, por exemplo, você tem peças de cidade onde você pode realizar várias&nbsp;ações ou entregar mercadorias. Uma característica especial é um modo de missão implementado em mais e várias peças, que conta ao jogador, que o persegue, uma pequena história. Como jogador, você se move com seu navio pelo curso, gerenciando-o usando cartas como em outros jogos de Alexander Pfister.  NOTA: A versão em espanhol de Maracaibo contém a mini-expansão La Armada embalada dentro da caixa do jogo base."
Horrified,"As apostas foram aumentadas. Imagine viver em um lugar tão miserável que não seja atormentado por um, dois ou até três monstros   mas sete dos demônios mais horripilantes! Neste jogo, você ficará cara a cara com todos eles enquanto trabalham juntos para livrar a cidade das criaturas maníacas ou incompreendidas antes que seja tarde demais. Horrified inclui miniaturas esculpidas de alta qualidade (Frankenstein, The Bride of Frankenstein, The Wolf Man, Dracula, The Mummy, The Invisible Man, Creature from the Black Lagoon). Sua jogabilidade cooperativa inovadora e fácil de aprender faz com que os jogadores trabalhem juntos contra os monstros com diferentes níveis de dificuldade. Assim como cada monstro é único, eles exigem estratégias e táticas diferentes para serem derrotados.  descrição do editor"
Burgle Bros.,"Burgle Bros. é um jogo cooperativo para 1-4 jogadores. Os jogadores são membros únicos de uma equipe que tenta roubar um prédio altamente seguro   sem ser pego. O prédio tem três andares (telhas 4x4), cada um com seu próprio cofre para rachar. Os jogadores começam no primeiro andar e precisam escapar para o helicóptero esperando no telhado. Cada jogador tem três fichas furtivas. Sempre que estiverem no mesmo ladrilho com um guarda, eles perdem um. Se algum jogador for pego sem uma ficha de furtividade, o jogo acaba. Se os jogadores puderem abrir todos os três cofres e escapar pelas escadas até o telhado, eles vencem."
Ubongo,"Em Ubongo, os jogadores competem para resolver quebra-cabeças individuais o mais rápido que puderem para obter primeiro as gemas disponíveis. Edição original: O tabuleiro do jogo consiste em seis fileiras, com doze gemas (de várias cores) colocadas nessas fileiras. No início do jogo, cada jogador coloca seu peão na frente de uma dessas linhas. Cada jogador também recebe doze poliminós   ou seja, peças compostas por 2-5 quadrados em alguma configuração; os jogadores usam essas peças a cada rodada para tentar recriar formas. No início de uma rodada, cada jogador recebe uma carta de quebra-cabeça que representa uma forma criada por um certo número de quadrados; um lado desta carta mostra seis linhas de 3 peças, o outro lado mostra seis linhas de 4 peças, para um quebra-cabeça mais difícil. Quando todos estiverem prontos, alguém rola um dado para determinar qual fileira de peças cada jogador pode usar para recriar a forma em sua carta individual. A corrida é cronometrada por um cronômetro de areia, e o resultado desta corrida determina a ação no tabuleiro de jogo principal. Quem primeiro resolver seu quebra-cabeça a tempo consegue mover seu peão até três linhas para a esquerda ou para a direita, com o segundo jogador a terminar de mover duas linhas e o terceiro jogador apenas uma linha. Os jogadores então coletam duas gemas da frente da linha onde seu peão está localizado, o que significa que quanto mais linhas você puder mover, mais controle você terá sobre quais gemas coloridas você pode coletar. Depois de coletar as gemas, cada jogador recebe uma nova carta de quebra-cabeça e uma nova rodada começa. Após nove rodadas, o jogo termina e quem tiver coletado mais gemas em uma única cor vence! Se os jogadores empatarem, eles comparam quem tem mais gemas em uma segunda cor e assim por diante. Edição de 2015: A parte do quebra-cabeça do jogo continua a mesma, mas a trilha de pontuação e o sistema foram bastante alterados, para serem os mesmos do Ubongo Extreme. Não há mais peões, mas em vez disso, o vencedor recebe uma gema de 3 pontos mais uma gema aleatória, o segundo colocado recebe uma gema de 1 ponto mais uma gema aleatória, e os outros que terminam dentro do tempo recebem apenas uma gema aleatória. Quem marcar mais pontos de gema após nove rodadas vence o jogo."
Black Orchestra,"À medida que o domínio de Hitler sobre a Alemanha se aperta e seu fervor maníaco é desmascarado, homens dos mais altos níveis do Reich começam a planejar seu assassinato. À medida que o relógio passa e as ambições de Hitler crescem, esses poucos ousados ​​devem construir sua força e se preparar para o momento perfeito para atacar. A Gestapo persegue seu rastro, chamando esses conspiradores de ""Schwarze Kapelle"", a Orquestra Negra. Será que esse bando de patriotas ousados ​​salvará seu país da ruína total antes que seja tarde demais? Black Orchestra começa com cada jogador escolhendo uma figura histórica envolvida na conspiração contra Hitler. Nessa busca sombria e perigosa, a motivação talvez seja sua maior arma. Se você puder permanecer fiel às suas convicções diante de uma ameaça esmagadora e inspirar seus companheiros, então você poderá usar sua habilidade especial, tentar tramas e até se tornar zeloso (necessário para algumas tramas extremamente ousadas). Mas cada movimento que você faz também pode aumentar a suspeita das autoridades. A Gestapo fará varreduras de rotina, e qualquer jogador com alta suspeita será preso e interrogado (possivelmente resultando na prisão de outros jogadores). Se todos forem presos ou se a Gestapo encontrar seus papéis secretos, você perde. E a suspeita colocada em cada conspirador aumentará as chances de seus planos serem detectados. Em um turno, os jogadores podem realizar três ações, como se mover, procurar um item ou comprar uma carta; ou, ao custo de uma ação por dado, jogue os dados na tentativa de ganhar ainda mais ações   correndo o risco de atrair a suspeita da Gestapo. Este dado rolando  Conspirar  ação permite aos jogadores fazer movimentos ousados ​​quando mais necessário. Após as ações terem sido realizadas, uma carta de evento é comprada. O jogo é jogado em sete fases da Segunda Guerra Mundial, representado por sete pilhas de cartas de evento. Esses cartões guiam você pelos eventos da Segunda Guerra Mundial em uma ordem cronológica aproximada (mas não estritamente). Novos estágios abrem novas áreas do conselho, fazem com que Hitler e seus deputados interajam com os Conspiradores e apresentem várias oportunidades ou ameaças. Durante a fase final, muitos espaços de tabuleiro ficam fora dos limites, à medida que os Aliados se aproximam da Alemanha. Para vencer, os jogadores devem coletar uma carta de enredo e cumprir todos os requisitos necessários listados (como ter Hitler em um determinado espaço e possuir certos itens - detonador e fusível, etc.). O jogador ativo pode então tentar a trama rolando os dados indicados, incluindo todos os modificadores adicionais e cartas de Ação úteis. O total do número de  Destino  símbolos necessários para matar Hitler é baseado no apoio militar de Hitler, mas o nível de segurança de um Conspirador decide se alguma  Águias  rolado os verá detectados e frustrará a trama de qualquer maneira. Os jogadores devem considerar sua capacidade de completar com sucesso uma trama e os níveis relativos de suspeita dos diferentes Conspiradores envolvidos. Os jogadores precisarão trabalhar juntos e concordar com o curso de ação mais sábio, além de ter um pouco de sorte, para ter sucesso. O fenômeno de um jogador dominar o jogo por causa de sua natureza cooperativa é mitigado pelo fato de que não há certezas, e muitas vezes um jogador precisará fazer um movimento ousado ou imprudente para manter a conspiração viva. Cabeças frias geralmente prevalecem, mas jogue com calma demais e você pode perder sua chance. A dinâmica cooperativa fica realmente interessante se um jogador for preso e não resistir ao interrogatório, então ele precisará tomar uma grande decisão sozinho, sem revelar suas opções ao grupo. Nenhum jogador pode garantir o sucesso. Espera-se que os jogadores tenham conversas tensas semelhantes às dos verdadeiros conspiradores e desfrutem de uma experiência histórica verdadeiramente única.
"
Snowdonia,"Os picos de Snowdonia se erguem diante de você, envoltos em névoa, seus cumes quase imperceptíveis. A mais alta é a própria Snowdon (Wyddfa) a 1.085 metros. O ano é 1894, e a Snowdon Mountain Tramroad and Hotels Company Limited foi formada para construir um ramal de Llanberis até o cume. Você mal pode acreditar que é possível! Em Snowdonia, os jogadores representam gangues de trabalho que fornecem mão de obra para a construção da Ferrovia Snowdon Mountain. Ao contrário de outros jogos de trem, você terá que escavar um lado da montanha, além de fazer e colocar os trilhos, construir viadutos e estações. Tudo isso em competição com o clima das montanhas galesas (e o próprio jogo)! Você pode ser auxiliado por um trem (embora isso nem sempre seja o melhor) e poderá coletar materiais essenciais do Stock Yard. Você obterá contratos de trabalho especiais que lhe dão bônus. Você pode contribuir mais do que os outros jogadores para a magnificência da Snowdon Mountain Railway?"
Cascadia,"Cascadia é um jogo intrigante de colocação de peças e desenho de fichas que apresenta os habitats e a vida selvagem do Noroeste do Pacífico. No jogo, você se reveza para construir sua própria área de terreno e preenchê-la com vida selvagem. Você começa com três fichas de habitat hexagonais (com cinco tipos de habitat no jogo) e em um turno você escolhe uma nova ficha de habitat que está emparelhada com uma ficha de vida selvagem, depois coloca essa ficha ao lado das outras e coloca a ficha de vida selvagem um habitat adequado. (Cada peça representa 1-3 tipos de vida selvagem dos cinco tipos no jogo, e você pode colocar no máximo uma peça em um habitat.) Quatro peças estão em exibição, com cada peça sendo emparelhada aleatoriamente com uma ficha de vida selvagem, então você deve aproveitar ao máximo o que está disponível   a menos que você tenha uma ficha de natureza para gastar para que possa escolher sua escolha de cada item. Idealmente, você pode colocar peças de habitat para criar terrenos correspondentes que reduzam a fragmentação e criem corredores de vida selvagem, principalmente porque você pontua para a maior área de cada tipo de habitat no final do jogo, com um bônus se o seu grupo for maior que o de cada outro jogador. Ao mesmo tempo, você deseja colocar fichas de vida selvagem para maximizar o número de pontos marcados por elas, com os objetivos de vida selvagem sendo determinados aleatoriamente por uma das três cartas de pontuação para cada tipo de vida selvagem. Talvez os falcões queiram estar separados de outros falcões, enquanto as raposas querem muitos animais diferentes ao seu redor e os ursos querem estar em pares. Você pode fazer isso acontecer?"
Shakespeare,"Os teatros de Londres estão agitados. Em uma semana, Sua Majestade a Rainha estará presente em seus novos shows e concederá seu apoio a uma das trupes. É a chance de uma vida para os jovens autores que estão inflamando a população com peças cada vez mais audaciosas e heterogêneas. Mas como você cria uma obra-prima em tão pouco tempo? Quem tiver a resposta para essa pergunta espinhosa provavelmente entrará nos rolos da história! Em Shakespeare, os jogadores são gerentes de teatro que devem recrutar atores, artesãos, joalheiros e outros para reunir tudo o que é necessário para a apresentação da peça no final de semana. Mais detalhadamente, o jogo dura seis dias e a cada dia os jogadores recrutam um novo personagem   começando com cinco no início do jogo: quatro idênticos em seu tabuleiro de jogador individual e um que eles redigiram   e faça de 1 a 5 ações com os personagens que eles têm. Personagens e suas ações são:   Atores: Ensaiar um ou mais atos na peça de três atos; quanto mais você ensaia, mais benefícios você recebe durante os ensaios gerais nos dias quatro e seis.  Amante do figurino: Pegue elementos do figurino para aprimorar seus atores; se não tiverem um traje completo, não poderão participar dos ensaios gerais.  Aparador de conjunto: Construa o conjunto. Quanto mais elaborado for o conjunto que você construir, mais recompensas você receberá   mas o conjunto deve ser simétrico!  Handyman: Configure-os para trabalhar no que você precisar. Esses joes podem montar figurinos e cenários, mas não são muito bons nisso.  Assistente: Aumente o poder de seus artesãos, ou seja, os três papéis descritos acima.  Joalheiro: Pegue um elemento de fantasia de ouro ou peça para deslumbrar a multidão.  Rainha: Ganhe dinheiro dando-lhe uma espiada antecipada, ou ganhe um objetivo para ganhar seu favor no último dia.  Depois que os jogadores realizam ações, eles verificam o nível de ambiente individual em seu teatro, ganhando ou perdendo pontos ou tempo de ensaio, dependendo da atmosfera. O ensaio geral no quarto e sexto dia oferece outra chance para os atores totalmente vestidos se apresentarem, e aqueles que são bem ensaiados ganham pontos ou dinheiro. Em todos os dias, exceto nos últimos, os jogadores devem permitir que os personagens que atuaram descansem, com apenas um desses personagens podendo trabalhar no dia seguinte. Assim, quanto mais você os colocar para trabalhar hoje, menos poderá fazer amanhã   mas aqueles que não planejam fazer tanto agem antes de outros jogadores, então isso pode ser uma coisa boa. No final, os jogadores devem pagar seus atores, com cada ator não pago manchando sua reputação e custando pontos. Quem terminar com mais pontos de prestígio vence."
Black Angel,"A humanidade, por seu comportamento irresponsável, esgotou os recursos naturais da Terra, tornando-a quase inabitável. Em uma explosão de lucidez, pressionadas pela degradação irreversível de seu planeta, as grandes nações são obrigadas a deixar de lado suas diferenças e compartilhar seus conhecimentos para criar a mais vasta espaçonave já construída. Assim, é lançado o projeto BLACK ANGEL. A Black Angel, a primeira fragata intergaláctica da história, deve transportar a herança genética da humanidade para além dos mundos conhecidos, em uma jornada que provavelmente durará vários milhares de anos. Sua tripulação será composta apenas por robôs. Como nenhuma nação está disposta a confiar na criação da IA ​​(inteligência artificial) que controlará essa tripulação para qualquer outra nação, um compromisso é encontrado: o Black Angel será co-gerenciado por várias IAs, e a utilidade de cada decisão será avaliado em VP (Processo de Validação). Na conclusão desta longa e perigosa viagem, quando um novo planeta habitável for alcançado, a IA que ganhou mais VP será encarregada de despertar a Humanidade e supervisionar seu novo começo . Todos os relatos estão de acordo: O Anjo Negro está se aproximando de Spes, um planeta com maior probabilidade de habitabilidade pela espécie humana. Aproveite nossa abordagem para manter as boas relações que você gradualmente construiu com as espécies alienígenas benevolentes que povoam a galáxia e tome cuidado com os temidos Ravagers, que fariam qualquer coisa para impedir que você chegasse a Spes."
Reykholt,"Cultivar tomates, alface ou cenouras na Islândia? Que ideia absurda! Mas ainda assim, quem teve essa ideia foi um gênio! A energia geotérmica na ilha permite que você cultive as frutas e vegetais mais inesperados   uma estranheza que nenhum turista gostaria de perder. Você não é o único fazendeiro em Reykholt que quer fazer fortuna com isso, então é melhor ser rápido! A temporada turística em Reykholt é curta, e há mais pessoas chegando a cada ano. Fazer uso das pessoas certas e ter os vegetais certos na hora certa em Reykholt lhe dará a vantagem necessária para vencer a corrida!"
Tang Garden,"A dinastia Tang foi considerada a primeira era de ouro dos jardins chineses clássicos e agora icônicos. O imperador Xuanzong construiu o magnífico Jardim imperial do Majestic Clear Lake como uma homenagem à própria vida e de onde ele governou. Os jogadores atuarão como designers de jardins imperiais e serão chamados para construir o jardim mais incrível enquanto equilibram os elementos da natureza. Tang Garden é um jogo do tipo Zen que o levará à primeira era de ouro da China, onde os jogadores construirão progressivamente um jardim criando a paisagem, colocando o cenário e projetando sua visão através de panoramas verticais. Durante a construção, os nobres visitarão o jardim para admirar os arredores e a forma como os elementos naturais coexistem no cenário mais deslumbrante que a humanidade já viu. Os jogadores se revezarão jogando uma das duas ações disponíveis no jogo: 1) Colocar peças e combinar os elementos para aumentar seu equilíbrio de natureza pessoal e desbloquear mais miniaturas de personagens. Ao equilibrar os elementos da natureza nos tabuleiros dos jogadores, os jogadores atrairão novos personagens para o jardim. Em cada turno do jogador, se os elementos estiverem balanceados, o jogador terá que escolher uma miniatura dentre as disponíveis e, por fim, decidir qual dos personagens será colocado no jardim, orientando-os para o seu fundo favorito, mantendo o outro com que você continue explorando sua capacidade. 2) Compre cartas de decoração e coloque uma no tabuleiro para ganhar prestígio completando coleções. Os jogadores irão comprar uma quantidade de cartas com base na situação do tabuleiro e escolher uma para manter. Os jogadores terão então que colocar a decoração escolhida em um dos locais disponíveis no jardim, criando um cenário único e sem costura que nunca mais será o mesmo. Durante o jogo, ao colocar peças em partes especiais do tabuleiro, você poderá colocar uma peça panorâmica, um novo elemento que adiciona uma perspectiva sem fim para os visitantes. Tanto os panoramas pequenos quanto os grandes serão colocados perpendicularmente ao quadro, anexando-o à inserção do quadro, criando uma aparência perfeita nos quatro lados do quadro. Os Panoramas irão interagir com os personagens no final do jogo, dando pontos de prestígio com base no que seu visitante vê e gosta. No final do jogo, o jogador com mais prestígio será o vencedor.  descrição do editor"
UBOOT: The Board Game,"U-BOOT: The Board Game é um jogo de mesa totalmente cooperativo e em tempo real da guerra submarina da Segunda Guerra Mundial, projetado pelo Iron Wolf Studio. Ele permite que 1 a 4 jogadores assumam os papéis de Capitão, Primeiro Oficial, Navegador e Engenheiro-Chefe a bordo de um submarino tipo VIIC. O jogo é impulsionado por um aplicativo complementar, permitindo um nível de realismo sem precedentes, bem como uma IA inimiga desafiadora. que levará suas habilidades ao limite. A ação se desdobra tanto na escala estratégica quanto na tática, exigindo sempre trabalho em equipe, gestão eficiente da tripulação e rápida avaliação da situação. Cada uma das quatro funções implica responsabilidades únicas, incentivando os jogadores a desenvolver um esquema de comunicação eficiente e usar terminologia genuína da marinha. O Capitão supervisiona a conclusão dos objetivos da missão, supervisiona os custos dos pontos de ação e é responsável pelo moral da tripulação. O Primeiro Oficial opera o aplicativo complementar, gerencia o fluxo de informações e cuida da saúde da tripulação. O Navigator dirige o submarino definindo seu curso e profundidade, mas também atualiza todas as informações essenciais sobre o mapa estratégico e tático. Por último, mas não menos importante, é o Engenheiro-Chefe, responsável pelos motores, reparos e outros implementos mecânicos a bordo do U-boat (como tanques de lastro, sistemas de armas, etc.). Ao mesmo tempo, cada um dos quatro oficiais comanda seu próprio grupo de tripulantes emitindo ordens dentro de um sistema de colocação de trabalhadores. A ideia por trás do aplicativo complementar é oferecer uma experiência de jogo realista e em tempo real. Para isso, o app conta com os instrumentos mais essenciais do u-boat (como o periscópio, o hidrofone, o Enigma, entre outros). Tenha certeza, no entanto, que a grande maioria da jogabilidade tradicionalmente ocorre no tabuleiro do jogo, com os instrumentos revelando informações ocultas e o aplicativo exigindo apenas certos dados (como o curso do submarino, velocidade etc.) para gerar uma IA adequada. resposta da força inimiga. Ele também é responsável por todos os efeitos sonoros do ambiente, mergulhando ainda mais os jogadores nos interiores claustrofóbicos do tipo VII C. Mas não tenha medo! Com aberto   play sendo uma prioridade de design, você lançará torpedos rapidamente, graças a regras simplificadas, tutoriais em vídeo e níveis de dificuldade variáveis ​​para cada jogador. De escaramuças rápidas, passando por missões de combate completas, até uma campanha total, UBOOT: TBG permitirá que você conduza operações submarinas em todos os principais teatros navais da 2ª Guerra Mundial. O sucesso dessas missões depende da conclusão de várias tarefas delegadas à tripulação pelo Oberkommando der Kriegsmarine (QG da Marinha Alemã), que incluem patrulhamento, emboscada de comboios, colocação de minas em águas inimigas e muito mais! Cada missão exigirá que os jogadores adotem várias estratégias e diferentes estilos de jogo para completá-la com sucesso, e o aplicativo complementar gerará um relatório detalhado no final de cada sessão de jogo (avaliando os esforços dos jogadores e possivelmente premiando condecorações, promoções, etc.). .). Isto é, se o U-boat voltar para casa... O palco está montado e a tripulação está aguardando suas ordens. Você tem o que é preciso para comandar os melhores da Kriegsmarine? Cace ou seja caçado, enquanto você enfrenta os mares tempestuosos do maior conflito da história!  descrição do criador
"
Facts in Five,"Gandhi: The Decolonization of British India, 1917 1947 é o Volume IX da aclamada série COIN da GMT. Explorando um dos experimentos mais proeminentes do mundo com resistência não-violenta, Gandhi nos leva ao subcontinente da Índia, a joia da coroa do Império Britânico, para um olhar detalhado sobre as décadas finais do Raj britânico. 1 a 4 jogadores competem para determinar o futuro da Índia; a transição para o governo doméstico será pacífica, a Índia será dividida por partição ou guerra civil, ou permanecerá firmemente nas garras do império? Gandhi oferece uma nova perspectiva sobre a história da insurgência com a adição de um novo tipo de facção à série COIN, a facção Nonviolent (NV), mantendo o sistema multi-facção, assimétrico e assistido por cartas de títulos anteriores no COIN Series. Os veteranos do COIN poderão entrar imediatamente. Outros recursos incluem: Gandhi como a única peça líder do jogo.  Operações não violentas e atividades especiais.  Ativistas não violentos que estão sempre ativos, mas geralmente imunes às ações de Raj até se envolverem em protestos (ou serem pegos em represálias pós-terror). Protestos que corroem o apoio, mas deixam os ativistas vulneráveis ​​à prisão pelas forças do Raj.  Uma trilha da Unidade Hindu-Muçulmana que mede as tensões entre essas duas comunidades, afetando recursos, operações e vitória.  Uma trilha do domínio britânico que reflete mudanças na política colonial em resposta a eventos no mapa, da determinação à contenção, afetando o custo de várias ações.  Vice-reis britânicos que vêm e vão com cada campanha que passa e têm seus próprios efeitos únicos em cada facção.  Um espaço de prisão fora de jogo que mantém forças não violentas presas durante a lei marcial. As peças podem ser mantidas na prisão durante várias campanhas, mas a um custo para o Raj.  Estados principescos independentes que nunca são controlados por nenhuma facção, mas oferecem um refúgio para insurgentes violentos e não violentos.  Cenários de curta e média duração que permitem o estudo de diferentes períodos da luta contra o domínio britânico na Índia.  Suporte para jogos de paciência, 2 jogadores, 3 jogadores e 4 jogadores.  Em Gandhi, os jogadores enfrentarão uma série de escolhas estratégicas difíceis e interessantes. Seguindo os passos inovadores de títulos anteriores de COIN, Gandhi tece linhas históricas, políticas e culturais e oferece uma oportunidade para estudar a resistência não-violenta e violenta em uma das possessões coloniais mais significativas da era do imperialismo europeu. Desobediência civil e não cooperação, protestos e terror, imperialismo e programa construtivo, agitação crescente, negociação, agitação, assassinato, persuasão, boicotes, lei marcial e muitas outras opções aguardam.  Gandhi tornou impossível para nós continuarmos governando a Índia, mas ao mesmo tempo ele tornou possível abdicarmos sem rancor e sem desonra   O historiador britânico Arnold Toynbee
"
"Gandhi: The Decolonization of British India, 1917 – 1947","A partir do final da Revolução Americana, os navios comerciais da jovem república dos Estados Unidos foram presa fácil para os piratas da costa berberesa. Em 1801, o recém-empossado presidente Thomas Jefferson estava ansioso para acabar com essa ameaça e enviou um  esquadrão de observação  ao Mediterrâneo. Quando o esquadrão chegou a Gibraltar, eles souberam que o bashaw de Trípoli já havia declarado GUERRA! The Shores of Tripoli representa este emocionante episódio da história militar americana. Assim como os Estados Unidos, um jogador pressionará a Tripolitânia a permitir a livre circulação de navios mercantes americanos - ou enfrentará as consequências. Como o bashaw de Trípoli, o outro jogador continuará a lucrativa pirataria dos temíveis corsários enquanto combate a ameaça americana em terra e mar. Cartões bonitos e informativos representam eventos históricos e líderes da Primeira Guerra Bárbara. Os jogadores podem mover navios, iniciar batalhas, participar de ataques piratas, envolver-se em diplomacia e receber reforços. Inclui mais de 80 peças de madeira, 24 dados e um mapa premium montado.  descrição da editora AWARDS Best 2-Player Game of 2020 (New York magazine) Top 15 Games of 2020 (#7, Paste magazine) Game of the Year 2020 Nominee (Meeple Mountain) Melhor jogo de 2 jogadores de 2020 (Meeple Mountain) Top 10 jogos de 2020 (#4, Cody Carlson) Melhor jogo de 2 jogadores de 2020 (Rolling Dice   Taking Nomes) Jogo de Guerra do Ano (RMN Gamer) Top 6 Solitaire Wargames de 2020 (Wayne Hansen) Top 10;Top 10 Wargames de nível básico (#3, Midnight Boardgaming) Top 3 Jogos de Guerra Solo para Começar (#2, Beyond Solitaire) The Spiel Foundation  Spiel of Approval "
Endless Winter: Paleoamericans,"Projetado por Stan Kordonskiy (Dice Hospital, Rurik, Lock Up), desenvolvido por Jonny Pac (Coloma, Sierra West, Lions of Lydia), modo solo por Drake Villareal (Solani, Spook Manor) e ilustrado por The Mico (Raiders of the Mar do Norte, Paladins of the West Kingdom, Valeria), Endless Winter: Paleoamericans ocorre na América do Norte, por volta de 10.000 aC. Os jogadores guiam o desenvolvimento de suas tribos ao longo de várias gerações – de caçadores-coletores nômades a prósperas sociedades tribais. Ao longo do jogo, as tribos migram e colonizam novas terras, estabelecem tradições culturais, caçam megafauna paleolítica e constroem estruturas megalíticas eternas. Endless Winter é um jogo estilo euro que combina a colocação de trabalhadores e a construção de decks de uma forma inovadora. A cada rodada, os jogadores enviam os membros de sua tribo para vários espaços de ação e pagam pelas ações jogando cartas e gastando recursos. Cartas de tribo concedem trabalho adicional, enquanto cartas de cultura fornecem uma variedade de efeitos únicos. Como alternativa, as cartas podem ser salvas para uma fase Eclipse de fim de rodada, onde são reveladas simultaneamente para determinar a ordem do novo jogador e acionar várias ações de bônus. O jogo apresenta uma nova mistura de sistemas e mecanismos entrelaçados, como cartões multiuso, influência de área, colocação de peças e coleção de conjuntos. Além disso, existem muitos caminhos viáveis ​​para a vitória. Após quatro rodadas rápidas, as pontuações são computadas e a tribo com mais pontos vence!   descrição do editor"
Gutenberg,"Gutenberg é um jogo de tabuleiro para 1-4 pessoas no qual os jogadores jogarão como os pioneiros da impressão no século XV. Ao cumprir ordens, eles construirão sua riqueza e fama. Melhorando suas oficinas de impressão e ganhando o apoio de patronos, eles desenvolverão sua capacidade de produção. O jogo será ganho por um impressor que ostenta o maior reconhecimento e riqueza. Ao licitar ações específicas, os jogadores desenvolverão sua oficina, adquirirão novas fontes, tintas e decorações. O sistema único de engrenagens rotativas permite combinar bônus e ganhar um grande número de pontos. O jogo é ganho pelo jogador com mais pontos após seis rodadas."
Prolix,"No Prolix, os jogadores marcam pontos inventando palavras cujas letras correspondem às das fichas de letras no tabuleiro. Ao contrário de outros jogos de palavras, você não precisa que todas as letras de uma palavra estejam no quadro para usar essa palavra. Isso significa que você é livre para usar todas as palavras que sempre quis usar em outros jogos de palavras, mas sempre faltavam algumas peças ou cartas! É claro que as letras da sua palavra não serão pontuadas se não estiverem no quadro, portanto, mesmo palavras grandes podem ser ruins se você não usá-las no momento certo. As letras pontuam com base em quão raras são e onde estão no quadro. Assim que você terminar de pontuar suas letras, todas as fichas de letras se movem pelo tabuleiro, alterando seu valor. Se você tem uma boa palavra, mas não é a sua vez, você pode interromper a vez de outro jogador e pontuar. Mas tome cuidado, pois você pode perder pontos interrompendo com palavras de baixa pontuação. E, claro, outros jogadores podem interromper seu turno, se quiserem, ou até mesmo forçá-lo a dizer uma palavra virando um cronômetro. Microbadges Compre Microbadge - Prolix Fan  Distribuição de letras: todas as consoantes ocorrem cinco vezes, com exceção de quatro letras que ocorrem duas vezes (K,V,W,Y), e quatro letras que ocorrem apenas uma vez (J,Q, X, Z)."
Space Race,"O mundo luta na Guerra Fria, e muitos veem o céu como o próximo campo de batalha. A era da Corrida Espacial está apenas começando. Você tem o que é preciso para liderar uma agência espacial ousada em uma nova era de conquistas humanas? Space Race acontece durante as primeiras sete décadas da conquista do espaço, e os jogadores se tornam diretores de agências espaciais recém-criadas. Seu objetivo é expandi-los e alcançar avanços surpreendentes. Durante o jogo, os jogadores desenvolverão suas Agências Espaciais adquirindo várias cartas (engenheiros, tecnologias, programas espaciais) de um conjunto compartilhado de cartas chamado Universo. Space Race: The Board Game é um jogo baseado em encontrar sinergias e construir combinações poderosas a partir de diferentes habilidades. Não há estratégia vencedora garantida: os jogadores têm que responder a um ambiente em constante mudança para identificar o melhor curso de desenvolvimento enquanto competem com seus oponentes pelas descobertas mais interessantes. O jogo é disputado em sete rodadas. A cada rodada, os jogadores adquirem novas cartas em suas agências e ativam habilidades em cartas que já possuem. Para fazer isso, os jogadores gastam um do conjunto limitado de Cartas de Controle durante cada rodada. O jogador que cria a Agência Espacial mais desenvolvida, constrói o Laboratório mais impressionante e alcança os avanços mais notáveis ​​vence a Corrida Espacial. A Corrida Espacial usa um mecanismo de seleção de ação simultânea no início de cada rodada, quando os jogadores escolhem uma de suas Cartas de Controle restantes que determinarão quais habilidades os jogadores podem usar durante a rodada. Cada carta de controle ativa uma das quatro faixas possíveis nas cartas e os jogadores só podem usar as habilidades que estão na faixa ativa. Como existem apenas 3 cartas de controle de cada um dos 4 tipos e nenhuma carta de controle pode ser usada mais de uma vez, os jogadores devem combinar diferentes tipos de cartas e habilidades para ter sucesso durante as 7 rodadas do jogo.  descrição do designer"
